participant.id_in_session,participant.code,participant.label,participant._is_bot,participant._index_in_pages,participant._max_page_index,participant._current_app_name,participant._current_page_name,participant.time_started_utc,participant.visited,participant.mturk_worker_id,participant.mturk_assignment_id,participant.payoff,session.code,session.label,session.mturk_HITId,session.mturk_HITGroupId,session.comment,session.is_demo,session.config.name,session.config.participation_fee,session.config.real_world_currency_per_point,auto_ahorro_default.1.player.id_in_group,auto_ahorro_default.1.player.role,auto_ahorro_default.1.player.treatment,auto_ahorro_default.1.player.age,auto_ahorro_default.1.player.gender,auto_ahorro_default.1.player.university,auto_ahorro_default.1.player.career,auto_ahorro_default.1.player.works,auto_ahorro_default.1.player.used_guardaditos,auto_ahorro_default.1.player.income,auto_ahorro_default.1.player.automatic_saving,auto_ahorro_default.1.player.manual_saving,auto_ahorro_default.1.player.consumption,auto_ahorro_default.1.player.savings_balance,auto_ahorro_default.1.player.liquid_balance,auto_ahorro_default.1.group.id_in_subsession,auto_ahorro_default.1.subsession.round_number,auto_ahorro_default.1.subsession.round_income,auto_ahorro_default.2.player.id_in_group,auto_ahorro_default.2.player.role,auto_ahorro_default.2.player.treatment,auto_ahorro_default.2.player.age,auto_ahorro_default.2.player.gender,auto_ahorro_default.2.player.university,auto_ahorro_default.2.player.career,auto_ahorro_default.2.player.works,auto_ahorro_default.2.player.used_guardaditos,auto_ahorro_default.2.player.income,auto_ahorro_default.2.player.automatic_saving,auto_ahorro_default.2.player.manual_saving,auto_ahorro_default.2.player.consumption,auto_ahorro_default.2.player.savings_balance,auto_ahorro_default.2.player.liquid_balance,auto_ahorro_default.2.group.id_in_subsession,auto_ahorro_default.2.subsession.round_number,auto_ahorro_default.2.subsession.round_income,auto_ahorro_default.3.player.id_in_group,auto_ahorro_default.3.player.role,auto_ahorro_default.3.player.treatment,auto_ahorro_default.3.player.age,auto_ahorro_default.3.player.gender,auto_ahorro_default.3.player.university,auto_ahorro_default.3.player.career,auto_ahorro_default.3.player.works,auto_ahorro_default.3.player.used_guardaditos,auto_ahorro_default.3.player.income,auto_ahorro_default.3.player.automatic_saving,auto_ahorro_default.3.player.manual_saving,auto_ahorro_default.3.player.consumption,auto_ahorro_default.3.player.savings_balance,auto_ahorro_default.3.player.liquid_balance,auto_ahorro_default.3.group.id_in_subsession,auto_ahorro_default.3.subsession.round_number,auto_ahorro_default.3.subsession.round_income,auto_ahorro_default.4.player.id_in_group,auto_ahorro_default.4.player.role,auto_ahorro_default.4.player.treatment,auto_ahorro_default.4.player.age,auto_ahorro_default.4.player.gender,auto_ahorro_default.4.player.university,auto_ahorro_default.4.player.career,auto_ahorro_default.4.player.works,auto_ahorro_default.4.player.used_guardaditos,auto_ahorro_default.4.player.income,auto_ahorro_default.4.player.automatic_saving,auto_ahorro_default.4.player.manual_saving,auto_ahorro_default.4.player.consumption,auto_ahorro_default.4.player.savings_balance,auto_ahorro_default.4.player.liquid_balance,auto_ahorro_default.4.group.id_in_subsession,auto_ahorro_default.4.subsession.round_number,auto_ahorro_default.4.subsession.round_income,auto_ahorro_default.5.player.id_in_group,auto_ahorro_default.5.player.role,auto_ahorro_default.5.player.treatment,auto_ahorro_default.5.player.age,auto_ahorro_default.5.player.gender,auto_ahorro_default.5.player.university,auto_ahorro_default.5.player.career,auto_ahorro_default.5.player.works,auto_ahorro_default.5.player.used_guardaditos,auto_ahorro_default.5.player.income,auto_ahorro_default.5.player.automatic_saving,auto_ahorro_default.5.player.manual_saving,auto_ahorro_default.5.player.consumption,auto_ahorro_default.5.player.savings_balance,auto_ahorro_default.5.player.liquid_balance,auto_ahorro_default.5.group.id_in_subsession,auto_ahorro_default.5.subsession.round_number,auto_ahorro_default.5.subsession.round_income,auto_ahorro_default.6.player.id_in_group,auto_ahorro_default.6.player.role,auto_ahorro_default.6.player.treatment,auto_ahorro_default.6.player.age,auto_ahorro_default.6.player.gender,auto_ahorro_default.6.player.university,auto_ahorro_default.6.player.career,auto_ahorro_default.6.player.works,auto_ahorro_default.6.player.used_guardaditos,auto_ahorro_default.6.player.income,auto_ahorro_default.6.player.automatic_saving,auto_ahorro_default.6.player.manual_saving,auto_ahorro_default.6.player.consumption,auto_ahorro_default.6.player.savings_balance,auto_ahorro_default.6.player.liquid_balance,auto_ahorro_default.6.group.id_in_subsession,auto_ahorro_default.6.subsession.round_number,auto_ahorro_default.6.subsession.round_income,auto_ahorro_default.7.player.id_in_group,auto_ahorro_default.7.player.role,auto_ahorro_default.7.player.treatment,auto_ahorro_default.7.player.age,auto_ahorro_default.7.player.gender,auto_ahorro_default.7.player.university,auto_ahorro_default.7.player.career,auto_ahorro_default.7.player.works,auto_ahorro_default.7.player.used_guardaditos,auto_ahorro_default.7.player.income,auto_ahorro_default.7.player.automatic_saving,auto_ahorro_default.7.player.manual_saving,auto_ahorro_default.7.player.consumption,auto_ahorro_default.7.player.savings_balance,auto_ahorro_default.7.player.liquid_balance,auto_ahorro_default.7.group.id_in_subsession,auto_ahorro_default.7.subsession.round_number,auto_ahorro_default.7.subsession.round_income,auto_ahorro_default.8.player.id_in_group,auto_ahorro_default.8.player.role,auto_ahorro_default.8.player.treatment,auto_ahorro_default.8.player.age,auto_ahorro_default.8.player.gender,auto_ahorro_default.8.player.university,auto_ahorro_default.8.player.career,auto_ahorro_default.8.player.works,auto_ahorro_default.8.player.used_guardaditos,auto_ahorro_default.8.player.income,auto_ahorro_default.8.player.automatic_saving,auto_ahorro_default.8.player.manual_saving,auto_ahorro_default.8.player.consumption,auto_ahorro_default.8.player.savings_balance,auto_ahorro_default.8.player.liquid_balance,auto_ahorro_default.8.group.id_in_subsession,auto_ahorro_default.8.subsession.round_number,auto_ahorro_default.8.subsession.round_income,auto_ahorro_default.9.player.id_in_group,auto_ahorro_default.9.player.role,auto_ahorro_default.9.player.treatment,auto_ahorro_default.9.player.age,auto_ahorro_default.9.player.gender,auto_ahorro_default.9.player.university,auto_ahorro_default.9.player.career,auto_ahorro_default.9.player.works,auto_ahorro_default.9.player.used_guardaditos,auto_ahorro_default.9.player.income,auto_ahorro_default.9.player.automatic_saving,auto_ahorro_default.9.player.manual_saving,auto_ahorro_default.9.player.consumption,auto_ahorro_default.9.player.savings_balance,auto_ahorro_default.9.player.liquid_balance,auto_ahorro_default.9.group.id_in_subsession,auto_ahorro_default.9.subsession.round_number,auto_ahorro_default.9.subsession.round_income,auto_ahorro_default.10.player.id_in_group,auto_ahorro_default.10.player.role,auto_ahorro_default.10.player.treatment,auto_ahorro_default.10.player.age,auto_ahorro_default.10.player.gender,auto_ahorro_default.10.player.university,auto_ahorro_default.10.player.career,auto_ahorro_default.10.player.works,auto_ahorro_default.10.player.used_guardaditos,auto_ahorro_default.10.player.income,auto_ahorro_default.10.player.automatic_saving,auto_ahorro_default.10.player.manual_saving,auto_ahorro_default.10.player.consumption,auto_ahorro_default.10.player.savings_balance,auto_ahorro_default.10.player.liquid_balance,auto_ahorro_default.10.group.id_in_subsession,auto_ahorro_default.10.subsession.round_number,auto_ahorro_default.10.subsession.round_income,auto_ahorro_default.11.player.id_in_group,auto_ahorro_default.11.player.role,auto_ahorro_default.11.player.treatment,auto_ahorro_default.11.player.age,auto_ahorro_default.11.player.gender,auto_ahorro_default.11.player.university,auto_ahorro_default.11.player.career,auto_ahorro_default.11.player.works,auto_ahorro_default.11.player.used_guardaditos,auto_ahorro_default.11.player.income,auto_ahorro_default.11.player.automatic_saving,auto_ahorro_default.11.player.manual_saving,auto_ahorro_default.11.player.consumption,auto_ahorro_default.11.player.savings_balance,auto_ahorro_default.11.player.liquid_balance,auto_ahorro_default.11.group.id_in_subsession,auto_ahorro_default.11.subsession.round_number,auto_ahorro_default.11.subsession.round_income,auto_ahorro_default.12.player.id_in_group,auto_ahorro_default.12.player.role,auto_ahorro_default.12.player.treatment,auto_ahorro_default.12.player.age,auto_ahorro_default.12.player.gender,auto_ahorro_default.12.player.university,auto_ahorro_default.12.player.career,auto_ahorro_default.12.player.works,auto_ahorro_default.12.player.used_guardaditos,auto_ahorro_default.12.player.income,auto_ahorro_default.12.player.automatic_saving,auto_ahorro_default.12.player.manual_saving,auto_ahorro_default.12.player.consumption,auto_ahorro_default.12.player.savings_balance,auto_ahorro_default.12.player.liquid_balance,auto_ahorro_default.12.group.id_in_subsession,auto_ahorro_default.12.subsession.round_number,auto_ahorro_default.12.subsession.round_income
1,je522fho,,0,0,48,,,,0,,,0.0,2af4cntt,,,,,1,auto_ahorro_default,0.0,1.0,1,,0,,,,,,,98,0.0,,,0.0,0.0,1,1,98,1,,0,,,,,,,105,0.0,,,0.0,0.0,1,2,105,1,,0,,,,,,,109,0.0,,,0.0,0.0,1,3,109,1,,0,,,,,,,107,0.0,,,0.0,0.0,1,4,107,1,,0,,,,,,,108,0.0,,,0.0,0.0,1,5,108,1,,0,,,,,,,102,0.0,,,0.0,0.0,1,6,102,1,,0,,,,,,,104,0.0,,,0.0,0.0,1,7,104,1,,0,,,,,,,100,0.0,,,0.0,0.0,1,8,100,1,,0,,,,,,,105,0.0,,,0.0,0.0,1,9,105,1,,0,,,,,,,113,0.0,,,0.0,0.0,1,10,113,1,,0,,,,,,,115,0.0,,,0.0,0.0,1,11,115,1,,0,,,,,,,106,0.0,,,0.0,0.0,1,12,106
2,ty7x9y86,,0,0,48,,,,0,,,0.0,2af4cntt,,,,,1,auto_ahorro_default,0.0,1.0,2,,0,,,,,,,98,0.0,,,0.0,0.0,1,1,98,2,,0,,,,,,,105,0.0,,,0.0,0.0,1,2,105,2,,0,,,,,,,109,0.0,,,0.0,0.0,1,3,109,2,,0,,,,,,,107,0.0,,,0.0,0.0,1,4,107,2,,0,,,,,,,108,0.0,,,0.0,0.0,1,5,108,2,,0,,,,,,,102,0.0,,,0.0,0.0,1,6,102,2,,0,,,,,,,104,0.0,,,0.0,0.0,1,7,104,2,,0,,,,,,,100,0.0,,,0.0,0.0,1,8,100,2,,0,,,,,,,105,0.0,,,0.0,0.0,1,9,105,2,,0,,,,,,,113,0.0,,,0.0,0.0,1,10,113,2,,0,,,,,,,115,0.0,,,0.0,0.0,1,11,115,2,,0,,,,,,,106,0.0,,,0.0,0.0,1,12,106
3,o4g2q752,,0,0,48,,,,0,,,0.0,2af4cntt,,,,,1,auto_ahorro_default,0.0,1.0,3,,1,,,,,,,98,0.0,,,0.0,0.0,1,1,98,3,,1,,,,,,,105,0.0,,,0.0,0.0,1,2,105,3,,1,,,,,,,109,0.0,,,0.0,0.0,1,3,109,3,,1,,,,,,,107,0.0,,,0.0,0.0,1,4,107,3,,1,,,,,,,108,0.0,,,0.0,0.0,1,5,108,3,,1,,,,,,,102,0.0,,,0.0,0.0,1,6,102,3,,1,,,,,,,104,0.0,,,0.0,0.0,1,7,104,3,,1,,,,,,,100,0.0,,,0.0,0.0,1,8,100,3,,1,,,,,,,105,0.0,,,0.0,0.0,1,9,105,3,,1,,,,,,,113,0.0,,,0.0,0.0,1,10,113,3,,1,,,,,,,115,0.0,,,0.0,0.0,1,11,115,3,,1,,,,,,,106,0.0,,,0.0,0.0,1,12,106
4,esptqerx,,0,0,48,,,,0,,,0.0,2af4cntt,,,,,1,auto_ahorro_default,0.0,1.0,4,,0,,,,,,,98,0.0,,,0.0,0.0,1,1,98,4,,0,,,,,,,105,0.0,,,0.0,0.0,1,2,105,4,,0,,,,,,,109,0.0,,,0.0,0.0,1,3,109,4,,0,,,,,,,107,0.0,,,0.0,0.0,1,4,107,4,,0,,,,,,,108,0.0,,,0.0,0.0,1,5,108,4,,0,,,,,,,102,0.0,,,0.0,0.0,1,6,102,4,,0,,,,,,,104,0.0,,,0.0,0.0,1,7,104,4,,0,,,,,,,100,0.0,,,0.0,0.0,1,8,100,4,,0,,,,,,,105,0.0,,,0.0,0.0,1,9,105,4,,0,,,,,,,113,0.0,,,0.0,0.0,1,10,113,4,,0,,,,,,,115,0.0,,,0.0,0.0,1,11,115,4,,0,,,,,,,106,0.0,,,0.0,0.0,1,12,106
1,x8yxpwd8,tp6mh,0,1,48,auto_ahorro_default,Sociodemografica,2026-03-10 00:50:06.266275,1,,,0.0,cay2r3k0,,,,,0,auto_ahorro_default,0.0,1.0,1,,1,,,,,,,105,0.0,,,0.0,0.0,1,1,105,1,,1,,,,,,,115,0.0,,,0.0,0.0,1,2,115,1,,1,,,,,,,103,0.0,,,0.0,0.0,1,3,103,1,,1,,,,,,,115,0.0,,,0.0,0.0,1,4,115,1,,1,,,,,,,112,0.0,,,0.0,0.0,1,5,112,1,,1,,,,,,,116,0.0,,,0.0,0.0,1,6,116,1,,1,,,,,,,107,0.0,,,0.0,0.0,1,7,107,1,,1,,,,,,,99,0.0,,,0.0,0.0,1,8,99,1,,1,,,,,,,89,0.0,,,0.0,0.0,1,9,89,1,,1,,,,,,,81,0.0,,,0.0,0.0,1,10,81,1,,1,,,,,,,107,0.0,,,0.0,0.0,1,11,107,1,,1,,,,,,,118,0.0,,,0.0,0.0,1,12,118
2,4m4e3yzo,im3cb,0,49,48,auto_ahorro_default,Results,2026-03-10 00:50:07.072725,1,,,0.0,cay2r3k0,,,,,0,auto_ahorro_default,0.0,1.0,2,,1,21,femenino,udep,economia,0,0,105,10.5,10.0,84.5,20.5,0.0,1,1,105,2,,1,,,,,,,115,11.5,20.0,70.0,52.0,13.5,1,2,115,2,,1,,,,,,,103,10.3,92.7,0.0,155.0,0.0,1,3,103,2,,1,,,,,,,115,11.5,11.5,90.0,178.0,2.0,1,4,115,2,,1,,,,,,,112,11.2,11.2,80.0,200.4,9.599999999999994,1,5,112,2,,1,,,,,,,116,11.6,13.0,70.0,225.0,21.400000000000006,1,6,116,2,,1,,,,,,,107,10.7,11.0,79.0,246.7,6.299999999999997,1,7,107,2,,1,,,,,,,99,9.9,10.0,70.0,266.59999999999997,-90.9,1,8,99,2,,1,,,,,,,89,8.9,9.0,70.0,284.49999999999994,1.0999999999999943,1,9,89,2,,1,,,,,,,81,8.1,8.1,63.0,300.69999999999993,1.7999999999999972,1,10,81,2,,1,,,,,,,107,10.7,10.7,80.0,322.0999999999999,5.599999999999994,1,11,107,2,,1,,,,,,,118,11.8,11.8,89.0,345.69999999999993,5.400000000000006,1,12,118
3,2gxdy1q1,hg3or,0,49,48,auto_ahorro_default,Results,2026-03-10 00:50:07.360495,1,,,0.0,cay2r3k0,,,,,0,auto_ahorro_default,0.0,1.0,3,,1,20,masculino,up,economia,1,1,105,10.5,10.0,10.0,20.5,74.5,1,1,105,3,,1,,,,,,,115,11.5,80.0,0.0,112.0,23.5,1,2,115,3,,1,,,,,,,103,10.3,12.0,10.0,134.3,70.7,1,3,103,3,,1,,,,,,,115,11.5,103.5,0.0,249.3,0.0,1,4,115,3,,1,,,,,,,112,11.2,20.0,0.0,280.5,80.8,1,5,112,3,,1,,,,,,,116,11.6,20.0,0.0,312.1,84.4,1,6,116,3,,1,,,,,,,107,10.7,20.0,0.0,342.8,76.3,1,7,107,3,,1,,,,,,,99,9.9,89.1,0.0,441.8,-100.0,1,8,99,3,,1,,,,,,,89,8.9,80.1,0.0,530.8,0.0,1,9,89,3,,1,,,,,,,81,8.1,72.9,0.0,611.8,0.0,1,10,81,3,,1,,,,,,,107,10.7,96.3,0.0,718.8,0.0,1,11,107,3,,1,,,,,,,118,11.8,106.2,0.0,836.8,0.0,1,12,118
4,h7t6dfje,kv4la,0,49,48,auto_ahorro_default,Results,2026-03-10 00:50:08.207681,1,,,0.0,cay2r3k0,,,,,0,auto_ahorro_default,0.0,1.0,4,,1,21,masculino,unsa,economia,0,0,105,10.5,50.0,44.5,60.5,0.0,1,1,105,4,,1,,,,,,,115,11.5,50.0,53.5,122.0,0.0,1,2,115,4,,1,,,,,,,103,10.3,50.0,40.0,182.3,2.700000000000003,1,3,103,4,,1,,,,,,,115,11.5,50.0,53.5,243.8,0.0,1,4,115,4,,1,,,,,,,112,11.2,50.0,50.8,305.0,0.0,1,5,112,4,,1,,,,,,,116,11.6,50.0,54.4,366.6,0.0,1,6,116,4,,1,,,,,,,107,10.7,50.0,46.3,427.3,0.0,1,7,107,4,,1,,,,,,,99,9.9,50.0,0.0,487.2,-60.9,1,8,99,4,,1,,,,,,,89,8.9,50.0,30.1,546.1,0.0,1,9,89,4,,1,,,,,,,81,8.1,50.0,22.9,604.2,0.0,1,10,81,4,,1,,,,,,,107,10.7,50.0,46.3,664.9000000000001,0.0,1,11,107,4,,1,,,,,,,118,11.8,50.0,46.2,726.7,10.0,1,12,118
5,jh0fhtfj,eo7oo,0,8,48,auto_ahorro_default,Results,2026-03-10 00:50:08.271688,1,,,0.0,cay2r3k0,,,,,0,auto_ahorro_default,0.0,1.0,5,,0,23,femenino,udep,economia,1,1,105,0.0,55.0,50.0,55.0,0.0,1,1,105,5,,0,,,,,,,115,0.0,30.0,50.0,0.0,0.0,1,2,115,5,,0,,,,,,,103,0.0,,,0.0,0.0,1,3,103,5,,0,,,,,,,115,0.0,,,0.0,0.0,1,4,115,5,,0,,,,,,,112,0.0,,,0.0,0.0,1,5,112,5,,0,,,,,,,116,0.0,,,0.0,0.0,1,6,116,5,,0,,,,,,,107,0.0,,,0.0,0.0,1,7,107,5,,0,,,,,,,99,0.0,,,0.0,0.0,1,8,99,5,,0,,,,,,,89,0.0,,,0.0,0.0,1,9,89,5,,0,,,,,,,81,0.0,,,0.0,0.0,1,10,81,5,,0,,,,,,,107,0.0,,,0.0,0.0,1,11,107,5,,0,,,,,,,118,0.0,,,0.0,0.0,1,12,118
6,g72jbls5,gm9lx,0,49,48,auto_ahorro_default,Results,2026-03-10 00:50:08.736559,1,,,0.0,cay2r3k0,,,,,0,auto_ahorro_default,0.0,1.0,6,,1,23,masculino,udep,economia,0,1,105,10.5,30.0,64.5,40.5,0.0,1,1,105,6,,1,,,,,,,115,11.5,35.0,68.5,87.0,0.0,1,2,115,6,,1,,,,,,,103,10.3,25.0,65.0,122.3,2.700000000000003,1,3,103,6,,1,,,,,,,115,11.5,35.0,68.5,168.8,0.0,1,4,115,6,,1,,,,,,,112,11.2,25.0,75.8,205.0,0.0,1,5,112,6,,1,,,,,,,116,11.6,30.0,70.0,246.6,4.400000000000006,1,6,116,6,,1,,,,,,,107,10.7,0.0,96.3,257.3,0.0,1,7,107,6,,1,,,,,,,99,9.9,80.0,9.1,347.20000000000005,-100.0,1,8,99,6,,1,,,,,,,89,8.9,30.0,50.1,386.1,0.0,1,9,89,6,,1,,,,,,,81,8.1,20.0,52.9,414.20000000000005,0.0,1,10,81,6,,1,,,,,,,107,10.7,30.0,66.3,454.90000000000003,0.0,1,11,107,6,,1,,,,,,,118,11.8,30.0,76.2,496.70000000000005,0.0,1,12,118
7,g2g83j6t,ox7zd,0,49,48,auto_ahorro_default,Results,2026-03-10 00:50:09.300408,1,,,0.0,cay2r3k0,,,,,0,auto_ahorro_default,0.0,1.0,7,,0,21,masculino,udep,economia,0,1,105,0.0,75.0,20.0,75.0,10.0,1,1,105,7,,0,,,,,,,115,0.0,70.0,20.0,145.0,25.0,1,2,115,7,,0,,,,,,,103,0.0,75.0,10.0,220.0,18.0,1,3,103,7,,0,,,,,,,115,0.0,70.0,45.0,290.0,0.0,1,4,115,7,,0,,,,,,,112,0.0,70.0,20.0,360.0,22.0,1,5,112,7,,0,,,,,,,116,0.0,75.0,20.0,435.0,21.0,1,6,116,7,,0,,,,,,,107,0.0,75.0,20.0,510.0,12.0,1,7,107,7,,0,,,,,,,99,0.0,0.0,0.0,510.0,-1.0,1,8,99,7,,0,,,,,,,89,0.0,75.0,10.0,585.0,4.0,1,9,89,7,,0,,,,,,,81,0.0,70.0,11.0,655.0,0.0,1,10,81,7,,0,,,,,,,107,0.0,70.0,20.0,725.0,17.0,1,11,107,7,,0,,,,,,,118,0.0,80.0,20.0,805.0,18.0,1,12,118
8,ilahhrfv,hp8fc,0,49,48,auto_ahorro_default,Results,2026-03-10 00:50:11.411167,1,,,0.0,cay2r3k0,,,,,0,auto_ahorro_default,0.0,1.0,8,,0,19,masculino,up,economia,0,1,105,0.0,55.0,50.0,55.0,0.0,1,1,105,8,,0,,,,,,,115,0.0,40.0,65.0,95.0,10.0,1,2,115,8,,0,,,,,,,103,0.0,40.0,63.0,135.0,0.0,1,3,103,8,,0,,,,,,,115,0.0,40.0,75.0,175.0,0.0,1,4,115,8,,0,,,,,,,112,0.0,45.0,67.0,220.0,0.0,1,5,112,8,,0,,,,,,,116,0.0,45.0,71.0,265.0,0.0,1,6,116,8,,0,,,,,,,107,0.0,40.0,67.0,305.0,0.0,1,7,107,8,,0,,,,,,,99,0.0,39.0,60.0,344.0,-100.0,1,8,99,8,,0,,,,,,,89,0.0,34.0,55.0,378.0,0.0,1,9,89,8,,0,,,,,,,81,0.0,31.0,50.0,409.0,0.0,1,10,81,8,,0,,,,,,,107,0.0,37.0,65.0,446.0,5.0,1,11,107,8,,0,,,,,,,118,0.0,40.0,78.0,486.0,0.0,1,12,118
9,qslg2bjk,mq7vd,0,49,48,auto_ahorro_default,Results,2026-03-10 00:50:12.752034,1,,,0.0,cay2r3k0,,,,,0,auto_ahorro_default,0.0,1.0,9,,1,24,femenino,pucp,economia,0,0,105,10.5,74.5,20.0,85.0,0.0,1,1,105,9,,1,,,,,,,115,11.5,30.0,20.0,126.5,53.5,1,2,115,9,,1,,,,,,,103,10.3,50.0,30.0,186.8,12.700000000000003,1,3,103,9,,1,,,,,,,115,11.5,30.0,40.0,228.3,33.5,1,4,115,9,,1,,,,,,,112,11.2,11.2,30.0,250.70000000000002,59.599999999999994,1,5,112,9,,1,,,,,,,116,11.6,40.0,20.0,302.3,44.400000000000006,1,6,116,9,,1,,,,,,,107,10.7,76.3,20.0,389.3,0.0,1,7,107,9,,1,,,,,,,99,9.9,0.0,20.0,399.2,-30.900000000000006,1,8,99,9,,1,,,,,,,89,8.9,40.0,20.0,448.09999999999997,20.1,1,9,89,9,,1,,,,,,,81,8.1,30.0,20.0,486.2,22.9,1,10,81,9,,1,,,,,,,107,10.7,60.0,30.0,556.9,6.299999999999997,1,11,107,9,,1,,,,,,,118,11.8,10.0,30.0,578.6999999999999,66.2,1,12,118
10,ktjcm3b1,oo1ki,0,49,48,auto_ahorro_default,Results,2026-03-10 00:50:12.969372,1,,,0.0,cay2r3k0,,,,,0,auto_ahorro_default,0.0,1.0,10,,1,22,femenino,up,economia,0,0,105,10.5,50.0,44.5,60.5,0.0,1,1,105,10,,1,,,,,,,115,11.5,60.0,35.0,132.0,8.5,1,2,115,10,,1,,,,,,,103,10.3,52.0,40.0,194.3,0.7000000000000028,1,3,103,10,,1,,,,,,,115,11.5,52.0,38.0,257.8,13.5,1,4,115,10,,1,,,,,,,112,11.2,50.0,50.0,319.0,0.7999999999999972,1,5,112,10,,1,,,,,,,116,11.6,30.0,50.0,360.6,24.400000000000006,1,6,116,10,,1,,,,,,,107,10.7,12.0,12.0,383.3,72.3,1,7,107,10,,1,,,,,,,99,9.9,48.0,40.0,441.2,-98.9,1,8,99,10,,1,,,,,,,89,8.9,50.0,30.0,500.09999999999997,0.10000000000000142,1,9,89,10,,1,,,,,,,81,8.1,70.0,2.0,578.1999999999999,0.9000000000000057,1,10,81,10,,1,,,,,,,107,10.7,90.0,6.0,678.9,0.29999999999999716,1,11,107,10,,1,,,,,,,118,11.8,100.0,6.0,790.6999999999999,0.20000000000000284,1,12,118
11,1qdxb6tx,ze2em,0,49,48,auto_ahorro_default,Results,2026-03-10 00:50:13.135431,1,,,0.0,cay2r3k0,,,,,0,auto_ahorro_default,0.0,1.0,11,,1,58,masculino,uadec,economia,1,0,105,10.5,10.0,84.5,20.5,0.0,1,1,105,11,,1,,,,,,,115,11.5,10.0,90.0,42.0,3.5,1,2,115,11,,1,,,,,,,103,10.3,12.7,80.0,65.0,0.0,1,3,103,11,,1,,,,,,,115,11.5,13.5,90.0,90.0,0.0,1,4,115,11,,1,,,,,,,112,11.2,10.8,90.0,112.0,0.0,1,5,112,11,,1,,,,,,,116,11.6,14.4,90.0,138.0,0.0,1,6,116,11,,1,,,,,,,107,10.7,16.3,80.0,165.0,0.0,1,7,107,11,,1,,,,,,,99,9.9,9.1,80.0,184.0,-100.0,1,8,99,11,,1,,,,,,,89,8.9,10.1,70.0,203.0,0.0,1,9,89,11,,1,,,,,,,81,8.1,12.9,60.0,224.0,0.0,1,10,81,11,,1,,,,,,,107,10.7,6.3,90.0,241.0,0.0,1,11,107,11,,1,,,,,,,118,11.8,6.2,100.0,259.0,0.0,1,12,118
12,m2c5p3ee,rw6pa,0,49,48,auto_ahorro_default,Results,2026-03-10 00:50:13.886838,1,,,0.0,cay2r3k0,,,,,0,auto_ahorro_default,0.0,1.0,12,,1,21,masculino,up,economia,0,1,105,10.5,60.0,34.5,70.5,0.0,1,1,105,12,,1,,,,,,,115,11.5,50.0,50.0,132.0,3.5,1,2,115,12,,1,,,,,,,103,10.3,60.0,32.7,202.3,0.0,1,3,103,12,,1,,,,,,,115,11.5,70.0,33.5,283.8,0.0,1,4,115,12,,1,,,,,,,112,11.2,65.0,35.8,360.0,0.0,1,5,112,12,,1,,,,,,,116,11.6,70.0,34.4,441.6,7.105427357601002e-15,1,6,116,12,,1,,,,,,,107,10.7,60.0,36.3,512.3000000000001,0.0,1,7,107,12,,1,,,,,,,99,9.9,0.0,0.0,522.2,-10.900000000000006,1,8,99,12,,1,,,,,,,89,8.9,50.0,30.1,581.1,0.0,1,9,89,12,,1,,,,,,,81,8.1,40.0,32.9,629.2,0.0,1,10,81,12,,1,,,,,,,107,10.7,60.0,36.3,699.9000000000001,0.0,1,11,107,12,,1,,,,,,,118,11.8,70.0,36.2,781.7,0.0,1,12,118
13,seiddvv2,fv7kg,0,49,48,auto_ahorro_default,Results,2026-03-10 00:50:14.195840,1,,,0.0,cay2r3k0,,,,,0,auto_ahorro_default,0.0,1.0,13,,0,38,femenino,unmsm,economia,1,1,105,0.0,35.0,70.0,35.0,0.0,1,1,105,13,,0,,,,,,,115,0.0,45.0,70.0,80.0,0.0,1,2,115,13,,0,,,,,,,103,0.0,33.0,70.0,113.0,0.0,1,3,103,13,,0,,,,,,,115,0.0,45.0,70.0,158.0,0.0,1,4,115,13,,0,,,,,,,112,0.0,42.0,70.0,200.0,0.0,1,5,112,13,,0,,,,,,,116,0.0,46.0,70.0,246.0,0.0,1,6,116,13,,0,,,,,,,107,0.0,37.0,70.0,283.0,0.0,1,7,107,13,,0,,,,,,,99,0.0,0.0,0.0,283.0,-1.0,1,8,99,13,,0,,,,,,,89,0.0,19.0,70.0,302.0,0.0,1,9,89,13,,0,,,,,,,81,0.0,11.0,70.0,313.0,0.0,1,10,81,13,,0,,,,,,,107,0.0,37.0,70.0,350.0,0.0,1,11,107,13,,0,,,,,,,118,0.0,48.0,70.0,398.0,0.0,1,12,118
14,frk6xmj6,mv3qu,0,49,48,auto_ahorro_default,Results,2026-03-10 00:50:15.324519,1,,,0.0,cay2r3k0,,,,,0,auto_ahorro_default,0.0,1.0,14,,0,22,masculino,up,economia,0,1,105,0.0,95.0,10.0,95.0,0.0,1,1,105,14,,0,,,,,,,115,0.0,100.0,15.0,195.0,0.0,1,2,115,14,,0,,,,,,,103,0.0,95.0,8.0,290.0,0.0,1,3,103,14,,0,,,,,,,115,0.0,100.0,15.0,390.0,0.0,1,4,115,14,,0,,,,,,,112,0.0,100.0,12.0,490.0,0.0,1,5,112,14,,0,,,,,,,116,0.0,100.0,16.0,590.0,0.0,1,6,116,14,,0,,,,,,,107,0.0,99.0,8.0,689.0,0.0,1,7,107,14,,0,,,,,,,99,0.0,90.0,9.0,779.0,-100.0,1,8,99,14,,0,,,,,,,89,0.0,80.0,9.0,859.0,0.0,1,9,89,14,,0,,,,,,,81,0.0,72.0,9.0,931.0,0.0,1,10,81,14,,0,,,,,,,107,0.0,98.0,9.0,1029.0,0.0,1,11,107,14,,0,,,,,,,118,0.0,100.0,18.0,1129.0,0.0,1,12,118
15,pn4s4e4b,pq6po,0,49,48,auto_ahorro_default,Results,2026-03-10 00:50:15.662104,1,,,0.0,cay2r3k0,,,,,0,auto_ahorro_default,0.0,1.0,15,,0,21,masculino,udep,economia,1,0,105,0.0,90.0,15.0,90.0,0.0,1,1,105,15,,0,,,,,,,115,0.0,70.0,45.0,160.0,0.0,1,2,115,15,,0,,,,,,,103,0.0,103.0,0.0,263.0,0.0,1,3,103,15,,0,,,,,,,115,0.0,100.0,15.0,363.0,0.0,1,4,115,15,,0,,,,,,,112,0.0,100.0,12.0,463.0,0.0,1,5,112,15,,0,,,,,,,116,0.0,100.0,16.0,563.0,0.0,1,6,116,15,,0,,,,,,,107,0.0,100.0,7.0,663.0,0.0,1,7,107,15,,0,,,,,,,99,0.0,99.0,0.0,762.0,-100.0,1,8,99,15,,0,,,,,,,89,0.0,69.0,20.0,831.0,0.0,1,9,89,15,,0,,,,,,,81,0.0,40.0,41.0,871.0,0.0,1,10,81,15,,0,,,,,,,107,0.0,70.0,37.0,941.0,0.0,1,11,107,15,,0,,,,,,,118,0.0,100.0,18.0,1041.0,0.0,1,12,118
16,zbs23r68,bg9xr,0,49,48,auto_ahorro_default,Results,2026-03-10 00:50:17.324335,1,,,0.0,cay2r3k0,,,,,0,auto_ahorro_default,0.0,1.0,16,,0,22,masculino,unsaac,economia,0,0,105,0.0,50.0,30.0,50.0,25.0,1,1,105,16,,0,,,,,,,115,0.0,80.0,20.0,130.0,15.0,1,2,115,16,,0,,,,,,,103,0.0,90.0,10.0,220.0,3.0,1,3,103,16,,0,,,,,,,115,0.0,50.0,20.0,270.0,45.0,1,4,115,16,,0,,,,,,,112,0.0,60.0,30.0,330.0,22.0,1,5,112,16,,0,,,,,,,116,0.0,56.0,56.0,386.0,4.0,1,6,116,16,,0,,,,,,,107,0.0,40.0,50.0,426.0,17.0,1,7,107,16,,0,,,,,,,99,0.0,50.0,10.0,476.0,-61.0,1,8,99,16,,0,,,,,,,89,0.0,50.0,10.0,526.0,29.0,1,9,89,16,,0,,,,,,,81,0.0,40.0,20.0,566.0,21.0,1,10,81,16,,0,,,,,,,107,0.0,20.0,10.0,586.0,77.0,1,11,107,16,,0,,,,,,,118,0.0,60.0,30.0,646.0,28.0,1,12,118
17,9x10a6a7,qd3og,0,49,48,auto_ahorro_default,Results,2026-03-10 00:50:17.463868,1,,,0.0,cay2r3k0,,,,,0,auto_ahorro_default,0.0,1.0,17,,1,19,masculino,up,economia,0,0,105,10.5,80.0,14.5,90.5,0.0,1,1,105,17,,1,,,,,,,115,11.5,91.0,12.5,193.0,0.0,1,2,115,17,,1,,,,,,,103,10.3,80.2,12.5,283.5,0.0,1,3,103,17,,1,,,,,,,115,11.5,80.0,12.5,375.0,11.0,1,4,115,17,,1,,,,,,,112,11.2,80.0,12.5,466.2,8.299999999999997,1,5,112,17,,1,,,,,,,116,11.6,80.0,12.5,557.8,11.900000000000006,1,6,116,17,,1,,,,,,,107,10.7,80.0,12.5,648.5,3.799999999999997,1,7,107,17,,1,,,,,,,99,9.9,80.0,0.0,738.4,-90.9,1,8,99,17,,1,,,,,,,89,8.9,0.0,80.1,747.3,0.0,1,9,89,17,,1,,,,,,,81,8.1,0.0,72.9,755.4,0.0,1,10,81,17,,1,,,,,,,107,10.7,0.0,96.3,766.1,0.0,1,11,107,17,,1,,,,,,,118,11.8,0.0,106.2,777.9,0.0,1,12,118
18,frxwkrzt,hm6wl,0,49,48,auto_ahorro_default,Results,2026-03-10 00:50:25.438165,1,,,0.0,cay2r3k0,,,,,0,auto_ahorro_default,0.0,1.0,18,,0,19,masculino,up,economia,0,1,105,0.0,5.0,100.0,5.0,0.0,1,1,105,18,,0,,,,,,,115,0.0,100.0,5.0,105.0,10.0,1,2,115,18,,0,,,,,,,103,0.0,3.0,3.0,108.0,97.0,1,3,103,18,,0,,,,,,,115,0.0,115.0,0.0,223.0,0.0,1,4,115,18,,0,,,,,,,112,0.0,3.0,3.0,226.0,106.0,1,5,112,18,,0,,,,,,,116,0.0,6.0,2.0,232.0,108.0,1,6,116,18,,0,,,,,,,107,0.0,33.0,33.0,265.0,41.0,1,7,107,18,,0,,,,,,,99,0.0,32.0,65.0,297.0,-98.0,1,8,99,18,,0,,,,,,,89,0.0,33.0,22.0,330.0,34.0,1,9,89,18,,0,,,,,,,81,0.0,26.0,32.0,356.0,23.0,1,10,81,18,,0,,,,,,,107,0.0,12.0,13.0,368.0,82.0,1,11,107,18,,0,,,,,,,118,0.0,36.0,32.0,404.0,50.0,1,12,118
19,zyvgbjjq,hp3xp,0,49,48,auto_ahorro_default,Results,2026-03-10 00:50:25.460686,1,,,0.0,cay2r3k0,,,,,0,auto_ahorro_default,0.0,1.0,19,,1,21,masculino,up,economia,0,0,105,10.5,50.0,44.5,60.5,0.0,1,1,105,19,,1,,,,,,,115,11.5,50.0,53.5,122.0,0.0,1,2,115,19,,1,,,,,,,103,10.3,0.0,92.7,132.3,0.0,1,3,103,19,,1,,,,,,,115,11.5,103.5,0.0,247.3,0.0,1,4,115,19,,1,,,,,,,112,11.2,11.2,80.0,269.7,9.599999999999994,1,5,112,19,,1,,,,,,,116,11.6,104.4,0.0,385.7,0.0,1,6,116,19,,1,,,,,,,107,10.7,96.3,0.0,492.7,0.0,1,7,107,19,,1,,,,,,,99,9.9,89.1,0.0,591.7,-100.0,1,8,99,19,,1,,,,,,,89,8.9,80.1,0.0,680.7,0.0,1,9,89,19,,1,,,,,,,81,8.1,72.9,0.0,761.7,0.0,1,10,81,19,,1,,,,,,,107,10.7,96.3,0.0,868.7,0.0,1,11,107,19,,1,,,,,,,118,11.8,106.2,0.0,986.7,0.0,1,12,118
20,6aj6sb6j,dc9sk,0,49,48,auto_ahorro_default,Results,2026-03-10 00:50:26.180247,1,,,0.0,cay2r3k0,,,,,0,auto_ahorro_default,0.0,1.0,20,,0,25,femenino,up,economia,1,0,105,0.0,40.0,65.0,40.0,0.0,1,1,105,20,,0,,,,,,,115,0.0,15.0,100.0,55.0,0.0,1,2,115,20,,0,,,,,,,103,0.0,23.0,80.0,78.0,0.0,1,3,103,20,,0,,,,,,,115,0.0,0.0,115.0,78.0,0.0,1,4,115,20,,0,,,,,,,112,0.0,22.0,80.0,100.0,10.0,1,5,112,20,,0,,,,,,,116,0.0,58.0,58.0,158.0,0.0,1,6,116,20,,0,,,,,,,107,0.0,100.0,7.0,258.0,0.0,1,7,107,20,,0,,,,,,,99,0.0,40.0,59.0,298.0,-100.0,1,8,99,20,,0,,,,,,,89,0.0,10.0,79.0,308.0,0.0,1,9,89,20,,0,,,,,,,81,0.0,11.0,70.0,319.0,0.0,1,10,81,20,,0,,,,,,,107,0.0,7.0,100.0,326.0,0.0,1,11,107,20,,0,,,,,,,118,0.0,18.0,100.0,344.0,0.0,1,12,118
21,23ci0srt,ag6at,0,49,48,auto_ahorro_default,Results,2026-03-10 00:50:27.346600,1,,,0.0,cay2r3k0,,,,,0,auto_ahorro_default,0.0,1.0,21,,1,21,masculino,udep,economia,1,1,105,10.5,1.0,1.0,11.5,92.5,1,1,105,21,,1,,,,,,,115,11.5,1.0,1.0,24.0,101.5,1,2,115,21,,1,,,,,,,103,10.3,1.0,1.0,35.3,90.7,1,3,103,21,,1,,,,,,,115,11.5,50.0,12.0,96.8,41.5,1,4,115,21,,1,,,,,,,112,11.2,1.0,12.0,109.0,87.8,1,5,112,21,,1,,,,,,,116,11.6,2.0,2.0,122.6,100.4,1,6,116,21,,1,,,,,,,107,10.7,2.0,2.0,135.29999999999998,92.3,1,7,107,21,,1,,,,,,,99,9.9,3.0,3.0,148.2,-16.900000000000006,1,8,99,21,,1,,,,,,,89,8.9,2.0,2.0,159.1,76.1,1,9,89,21,,1,,,,,,,81,8.1,2.0,3.0,169.2,67.9,1,10,81,21,,1,,,,,,,107,10.7,3.0,3.0,182.89999999999998,90.3,1,11,107,21,,1,,,,,,,118,11.8,2.0,2.0,196.7,102.2,1,12,118
22,90f1a6qa,tt4dn,0,49,48,auto_ahorro_default,Results,2026-03-10 00:50:28.203196,1,,,0.0,cay2r3k0,,,,,0,auto_ahorro_default,0.0,1.0,22,,0,21,femenino,udep,economia,0,0,105,0.0,20.0,80.0,20.0,5.0,1,1,105,22,,0,,,,,,,115,0.0,20.0,95.0,40.0,0.0,1,2,115,22,,0,,,,,,,103,0.0,13.0,90.0,53.0,0.0,1,3,103,22,,0,,,,,,,115,0.0,25.0,90.0,78.0,0.0,1,4,115,22,,0,,,,,,,112,0.0,12.0,100.0,90.0,0.0,1,5,112,22,,0,,,,,,,116,0.0,26.0,90.0,116.0,0.0,1,6,116,22,,0,,,,,,,107,0.0,17.0,90.0,133.0,0.0,1,7,107,22,,0,,,,,,,99,0.0,10.0,89.0,143.0,-100.0,1,8,99,22,,0,,,,,,,89,0.0,9.0,80.0,152.0,0.0,1,9,89,22,,0,,,,,,,81,0.0,15.0,66.0,167.0,0.0,1,10,81,22,,0,,,,,,,107,0.0,17.0,90.0,184.0,0.0,1,11,107,22,,0,,,,,,,118,0.0,18.0,100.0,202.0,0.0,1,12,118
23,drxehkx1,li5md,0,49,48,auto_ahorro_default,Results,2026-03-10 00:50:31.914410,1,,,0.0,cay2r3k0,,,,,0,auto_ahorro_default,0.0,1.0,23,,0,21,femenino,up,economia,0,0,105,0.0,102.0,3.0,102.0,0.0,1,1,105,23,,0,,,,,,,115,0.0,95.0,20.0,197.0,0.0,1,2,115,23,,0,,,,,,,103,0.0,100.0,3.0,297.0,0.0,1,3,103,23,,0,,,,,,,115,0.0,57.5,57.5,354.5,0.0,1,4,115,23,,0,,,,,,,112,0.0,38.3,38.3,392.8,35.400000000000006,1,5,112,23,,0,,,,,,,116,0.0,23.2,92.8,416.0,0.0,1,6,116,23,,0,,,,,,,107,0.0,100.0,7.0,516.0,0.0,1,7,107,23,,0,,,,,,,99,0.0,98.0,1.0,614.0,-100.0,1,8,99,23,,0,,,,,,,89,0.0,80.0,9.0,694.0,0.0,1,9,89,23,,0,,,,,,,81,0.0,40.0,41.0,734.0,0.0,1,10,81,23,,0,,,,,,,107,0.0,100.0,7.0,834.0,0.0,1,11,107,23,,0,,,,,,,118,0.0,100.0,18.0,934.0,0.0,1,12,118
24,lanyismj,mf4uy,0,49,48,auto_ahorro_default,Results,2026-03-10 00:50:35.709407,1,,,0.0,cay2r3k0,,,,,0,auto_ahorro_default,0.0,1.0,24,,1,20,femenino,udep,economia,0,0,105,10.5,20.0,74.5,30.5,0.0,1,1,105,24,,1,,,,,,,115,11.5,30.0,73.5,72.0,0.0,1,2,115,24,,1,,,,,,,103,10.3,40.0,50.0,122.3,2.700000000000003,1,3,103,24,,1,,,,,,,115,11.5,80.0,23.5,213.8,0.0,1,4,115,24,,1,,,,,,,112,11.2,50.0,50.8,275.0,0.0,1,5,112,24,,1,,,,,,,116,11.6,40.0,64.4,326.6,0.0,1,6,116,24,,1,,,,,,,107,10.7,20.0,76.3,357.3,0.0,1,7,107,24,,1,,,,,,,99,9.9,30.0,59.1,397.2,-100.0,1,8,99,24,,1,,,,,,,89,8.9,10.0,70.1,416.09999999999997,0.0,1,9,89,24,,1,,,,,,,81,8.1,10.0,62.9,434.2,0.0,1,10,81,24,,1,,,,,,,107,10.7,20.0,76.3,464.9,0.0,1,11,107,24,,1,,,,,,,118,11.8,30.0,76.2,506.7,0.0,1,12,118
25,chlgfhkx,vv8zu,0,49,48,auto_ahorro_default,Results,2026-03-10 00:50:39.686888,1,,,0.0,cay2r3k0,,,,,0,auto_ahorro_default,0.0,1.0,25,,0,19,masculino,pucp,ciencias_sociales,1,0,105,0.0,80.0,25.0,80.0,0.0,1,1,105,25,,0,,,,,,,115,0.0,80.0,35.0,160.0,0.0,1,2,115,25,,0,,,,,,,103,0.0,80.0,23.0,240.0,0.0,1,3,103,25,,0,,,,,,,115,0.0,80.0,35.0,320.0,0.0,1,4,115,25,,0,,,,,,,112,0.0,80.0,32.0,400.0,0.0,1,5,112,25,,0,,,,,,,116,0.0,80.0,36.0,480.0,0.0,1,6,116,25,,0,,,,,,,107,0.0,80.0,27.0,560.0,0.0,1,7,107,25,,0,,,,,,,99,0.0,70.0,29.0,630.0,-100.0,1,8,99,25,,0,,,,,,,89,0.0,60.0,29.0,690.0,0.0,1,9,89,25,,0,,,,,,,81,0.0,60.0,21.0,750.0,0.0,1,10,81,25,,0,,,,,,,107,0.0,80.0,27.0,830.0,0.0,1,11,107,25,,0,,,,,,,118,0.0,80.0,38.0,910.0,0.0,1,12,118
26,xjra46id,op7tc,0,49,48,auto_ahorro_default,Results,2026-03-10 00:50:40.578093,1,,,0.0,cay2r3k0,,,,,0,auto_ahorro_default,0.0,1.0,26,,0,20,femenino,upc,economia,1,1,105,0.0,40.0,65.0,40.0,0.0,1,1,105,26,,0,,,,,,,115,0.0,2.0,20.0,42.0,93.0,1,2,115,26,,0,,,,,,,103,0.0,40.0,40.0,82.0,23.0,1,3,103,26,,0,,,,,,,115,0.0,30.0,30.0,112.0,55.0,1,4,115,26,,0,,,,,,,112,0.0,20.0,20.0,132.0,72.0,1,5,112,26,,0,,,,,,,116,0.0,30.0,40.0,162.0,46.0,1,6,116,26,,0,,,,,,,107,0.0,40.0,60.0,202.0,7.0,1,7,107,26,,0,,,,,,,99,0.0,10.0,2.0,212.0,-13.0,1,8,99,26,,0,,,,,,,89,0.0,30.0,30.0,242.0,29.0,1,9,89,26,,0,,,,,,,81,0.0,30.0,40.0,272.0,11.0,1,10,81,26,,0,,,,,,,107,0.0,30.0,30.0,302.0,47.0,1,11,107,26,,0,,,,,,,118,0.0,30.0,30.0,332.0,58.0,1,12,118
27,gjts8puc,xv8xt,0,49,48,auto_ahorro_default,Results,2026-03-10 00:50:40.969504,1,,,0.0,cay2r3k0,,,,,0,auto_ahorro_default,0.0,1.0,27,,1,19,femenino,udep,economia,1,1,105,10.5,40.0,54.5,50.5,0.0,1,1,105,27,,1,,,,,,,115,11.5,50.0,53.5,112.0,0.0,1,2,115,27,,1,,,,,,,103,10.3,45.0,47.7,167.3,0.0,1,3,103,27,,1,,,,,,,115,11.5,50.0,53.5,228.8,0.0,1,4,115,27,,1,,,,,,,112,11.2,50.0,50.8,290.0,0.0,1,5,112,27,,1,,,,,,,116,11.6,80.0,20.4,381.6,4.000000000000007,1,6,116,27,,1,,,,,,,107,10.7,40.0,56.3,432.3,0.0,1,7,107,27,,1,,,,,,,99,9.9,50.0,39.1,492.2,-100.0,1,8,99,27,,1,,,,,,,89,8.9,40.0,40.1,541.1,0.0,1,9,89,27,,1,,,,,,,81,8.1,30.0,42.9,579.2,0.0,1,10,81,27,,1,,,,,,,107,10.7,40.0,56.3,629.9000000000001,0.0,1,11,107,27,,1,,,,,,,118,11.8,20.0,86.2,661.7,0.0,1,12,118
28,uh0ym077,sy8rb,0,49,48,auto_ahorro_default,Results,2026-03-10 00:50:40.757250,1,,,0.0,cay2r3k0,,,,,0,auto_ahorro_default,0.0,1.0,28,,1,20,femenino,uarm,economia,1,1,105,10.5,50.0,44.5,60.5,0.0,1,1,105,28,,1,,,,,,,115,11.5,30.0,70.0,102.0,3.5,1,2,115,28,,1,,,,,,,103,10.3,20.0,72.7,132.3,0.0,1,3,103,28,,1,,,,,,,115,11.5,50.0,50.0,193.8,3.5,1,4,115,28,,1,,,,,,,112,11.2,10.0,90.8,215.0,0.0,1,5,112,28,,1,,,,,,,116,11.6,20.0,84.4,246.6,0.0,1,6,116,28,,1,,,,,,,107,10.7,20.0,60.0,277.3,16.299999999999997,1,7,107,28,,1,,,,,,,99,9.9,0.0,89.1,287.2,-100.0,1,8,99,28,,1,,,,,,,89,8.9,20.0,50.0,316.09999999999997,10.100000000000001,1,9,89,28,,1,,,,,,,81,8.1,10.0,60.0,334.2,2.8999999999999986,1,10,81,28,,1,,,,,,,107,10.7,20.0,50.0,364.9,26.299999999999997,1,11,107,28,,1,,,,,,,118,11.8,30.0,60.0,406.7,16.200000000000003,1,12,118
29,qq6nz7wm,am2bu,0,49,48,auto_ahorro_default,Results,2026-03-10 00:50:43.824685,1,,,0.0,cay2r3k0,,,,,0,auto_ahorro_default,0.0,1.0,29,,0,20,masculino,ucsur,economia,0,0,105,0.0,80.0,25.0,80.0,0.0,1,1,105,29,,0,,,,,,,115,0.0,85.0,30.0,165.0,0.0,1,2,115,29,,0,,,,,,,103,0.0,103.0,0.0,268.0,0.0,1,3,103,29,,0,,,,,,,115,0.0,114.0,1.0,382.0,0.0,1,4,115,29,,0,,,,,,,112,0.0,112.0,0.0,494.0,0.0,1,5,112,29,,0,,,,,,,116,0.0,116.0,0.0,610.0,0.0,1,6,116,29,,0,,,,,,,107,0.0,70.0,37.0,680.0,0.0,1,7,107,29,,0,,,,,,,99,0.0,99.0,0.0,779.0,-100.0,1,8,99,29,,0,,,,,,,89,0.0,20.0,69.0,799.0,0.0,1,9,89,29,,0,,,,,,,81,0.0,41.0,40.0,840.0,0.0,1,10,81,29,,0,,,,,,,107,0.0,57.0,50.0,897.0,0.0,1,11,107,29,,0,,,,,,,118,0.0,59.0,59.0,956.0,0.0,1,12,118
30,bbqx7rsg,vj2kg,0,49,48,auto_ahorro_default,Results,2026-03-10 00:50:43.955375,1,,,0.0,cay2r3k0,,,,,0,auto_ahorro_default,0.0,1.0,30,,0,20,masculino,udep,economia,1,0,105,0.0,20.0,85.0,20.0,0.0,1,1,105,30,,0,,,,,,,115,0.0,100.0,15.0,120.0,0.0,1,2,115,30,,0,,,,,,,103,0.0,23.0,80.0,143.0,0.0,1,3,103,30,,0,,,,,,,115,0.0,30.0,85.0,173.0,0.0,1,4,115,30,,0,,,,,,,112,0.0,92.0,20.0,265.0,0.0,1,5,112,30,,0,,,,,,,116,0.0,66.0,50.0,331.0,0.0,1,6,116,30,,0,,,,,,,107,0.0,20.0,87.0,351.0,0.0,1,7,107,30,,0,,,,,,,99,0.0,1.0,98.0,352.0,-100.0,1,8,99,30,,0,,,,,,,89,0.0,40.0,49.0,392.0,0.0,1,9,89,30,,0,,,,,,,81,0.0,40.0,41.0,432.0,0.0,1,10,81,30,,0,,,,,,,107,0.0,50.0,57.0,482.0,0.0,1,11,107,30,,0,,,,,,,118,0.0,50.0,68.0,532.0,0.0,1,12,118
31,qilr85nm,li1qd,0,49,48,auto_ahorro_default,Results,2026-03-10 00:50:44.658792,1,,,0.0,cay2r3k0,,,,,0,auto_ahorro_default,0.0,1.0,31,,1,22,femenino,up,economia,1,0,105,10.5,50.0,10.0,60.5,34.5,1,1,105,31,,1,,,,,,,115,11.5,50.0,10.0,122.0,43.5,1,2,115,31,,1,,,,,,,103,10.3,40.0,10.0,172.3,42.7,1,3,103,31,,1,,,,,,,115,11.5,50.0,10.0,233.8,43.5,1,4,115,31,,1,,,,,,,112,11.2,50.0,10.0,295.0,40.8,1,5,112,31,,1,,,,,,,116,11.6,50.0,10.0,356.6,44.4,1,6,116,31,,1,,,,,,,107,10.7,50.0,10.0,417.3,36.3,1,7,107,31,,1,,,,,,,99,9.9,30.0,10.0,457.2,-50.9,1,8,99,31,,1,,,,,,,89,8.9,50.0,10.0,516.1,20.1,1,9,89,31,,1,,,,,,,81,8.1,50.0,10.0,574.2,12.899999999999999,1,10,81,31,,1,,,,,,,107,10.7,50.0,10.0,634.9000000000001,36.3,1,11,107,31,,1,,,,,,,118,11.8,50.0,10.0,696.7,46.2,1,12,118
32,ptuo9jzl,kr9bz,0,49,48,auto_ahorro_default,Results,2026-03-10 00:50:45.419435,1,,,0.0,cay2r3k0,,,,,0,auto_ahorro_default,0.0,1.0,32,,1,20,femenino,pucp,economia,0,1,105,10.5,60.0,30.0,70.5,4.5,1,1,105,32,,1,,,,,,,115,11.5,30.0,50.0,112.0,23.5,1,2,115,32,,1,,,,,,,103,10.3,25.0,65.0,147.3,2.700000000000003,1,3,103,32,,1,,,,,,,115,11.5,10.0,90.0,168.8,3.5,1,4,115,32,,1,,,,,,,112,11.2,50.0,50.0,230.0,0.7999999999999972,1,5,112,32,,1,,,,,,,116,11.6,60.0,40.0,301.6,4.400000000000006,1,6,116,32,,1,,,,,,,107,10.7,40.0,55.0,352.3,1.2999999999999972,1,7,107,32,,1,,,,,,,99,9.9,30.0,58.0,392.2,-98.9,1,8,99,32,,1,,,,,,,89,8.9,30.0,50.0,431.09999999999997,0.10000000000000142,1,9,89,32,,1,,,,,,,81,8.1,20.0,50.0,459.2,2.8999999999999986,1,10,81,32,,1,,,,,,,107,10.7,30.0,60.0,499.9,6.299999999999997,1,11,107,32,,1,,,,,,,118,11.8,40.0,60.0,551.6999999999999,6.200000000000003,1,12,118
33,u1n09ox1,ks2jj,0,49,48,auto_ahorro_default,Results,2026-03-10 00:50:49.008303,1,,,0.0,cay2r3k0,,,,,0,auto_ahorro_default,0.0,1.0,33,,1,22,masculino,up,economia,0,0,105,10.5,54.5,40.0,65.0,0.0,1,1,105,33,,1,,,,,,,115,11.5,43.5,40.0,120.0,20.0,1,2,115,33,,1,,,,,,,103,10.3,42.7,50.0,173.0,0.0,1,3,103,33,,1,,,,,,,115,11.5,103.5,0.0,288.0,0.0,1,4,115,33,,1,,,,,,,112,11.2,50.8,50.0,350.0,0.0,1,5,112,33,,1,,,,,,,116,11.6,64.4,40.0,426.0,0.0,1,6,116,33,,1,,,,,,,107,10.7,56.3,40.0,493.0,0.0,1,7,107,33,,1,,,,,,,99,9.9,89.1,0.0,592.0,-100.0,1,8,99,33,,1,,,,,,,89,8.9,70.1,10.0,671.0,0.0,1,9,89,33,,1,,,,,,,81,8.1,52.9,20.0,732.0,0.0,1,10,81,33,,1,,,,,,,107,10.7,80.0,16.3,822.7,-3.552713678800501e-15,1,11,107,33,,1,,,,,,,118,11.8,80.0,26.2,914.5,3.552713678800501e-15,1,12,118
34,4jvrdsmz,vj9ko,0,49,48,auto_ahorro_default,Results,2026-03-10 00:50:49.396503,1,,,0.0,cay2r3k0,,,,,0,auto_ahorro_default,0.0,1.0,34,,0,21,femenino,up,economia,0,0,105,0.0,40.0,65.0,40.0,0.0,1,1,105,34,,0,,,,,,,115,0.0,45.0,70.0,85.0,0.0,1,2,115,34,,0,,,,,,,103,0.0,40.0,63.0,125.0,0.0,1,3,103,34,,0,,,,,,,115,0.0,45.0,70.0,170.0,0.0,1,4,115,34,,0,,,,,,,112,0.0,52.0,60.0,222.0,0.0,1,5,112,34,,0,,,,,,,116,0.0,56.0,60.0,278.0,0.0,1,6,116,34,,0,,,,,,,107,0.0,47.0,60.0,325.0,0.0,1,7,107,34,,0,,,,,,,99,0.0,50.0,49.0,375.0,-100.0,1,8,99,34,,0,,,,,,,89,0.0,50.0,39.0,425.0,0.0,1,9,89,34,,0,,,,,,,81,0.0,55.0,26.0,480.0,0.0,1,10,81,34,,0,,,,,,,107,0.0,47.0,60.0,527.0,0.0,1,11,107,34,,0,,,,,,,118,0.0,48.0,70.0,575.0,0.0,1,12,118
35,z5ym28ke,lm8mh,0,49,48,auto_ahorro_default,Results,2026-03-10 00:50:55.381429,1,,,0.0,cay2r3k0,,,,,0,auto_ahorro_default,0.0,1.0,35,,1,19,femenino,pucp,economia,0,0,105,10.5,50.0,40.0,60.5,4.5,1,1,105,35,,1,,,,,,,115,11.5,40.0,30.0,112.0,33.5,1,2,115,35,,1,,,,,,,103,10.3,40.0,20.0,162.3,32.7,1,3,103,35,,1,,,,,,,115,11.5,20.0,50.0,193.8,33.5,1,4,115,35,,1,,,,,,,112,11.2,40.0,20.0,245.0,40.8,1,5,112,35,,1,,,,,,,116,11.6,40.0,40.0,296.6,24.400000000000006,1,6,116,35,,1,,,,,,,107,10.7,10.0,10.0,317.3,76.3,1,7,107,35,,1,,,,,,,99,9.9,20.0,40.0,347.2,-70.9,1,8,99,35,,1,,,,,,,89,8.9,10.0,10.0,366.09999999999997,60.099999999999994,1,9,89,35,,1,,,,,,,81,8.1,20.0,40.0,394.2,12.899999999999999,1,10,81,35,,1,,,,,,,107,10.7,30.0,20.0,434.9,46.3,1,11,107,35,,1,,,,,,,118,11.8,20.0,10.0,466.7,76.2,1,12,118
36,9zschc5n,li7zo,0,1,48,auto_ahorro_default,Sociodemografica,2026-03-10 00:50:57.259580,1,,,0.0,cay2r3k0,,,,,0,auto_ahorro_default,0.0,1.0,36,,0,,,,,,,105,0.0,,,0.0,0.0,1,1,105,36,,0,,,,,,,115,0.0,,,0.0,0.0,1,2,115,36,,0,,,,,,,103,0.0,,,0.0,0.0,1,3,103,36,,0,,,,,,,115,0.0,,,0.0,0.0,1,4,115,36,,0,,,,,,,112,0.0,,,0.0,0.0,1,5,112,36,,0,,,,,,,116,0.0,,,0.0,0.0,1,6,116,36,,0,,,,,,,107,0.0,,,0.0,0.0,1,7,107,36,,0,,,,,,,99,0.0,,,0.0,0.0,1,8,99,36,,0,,,,,,,89,0.0,,,0.0,0.0,1,9,89,36,,0,,,,,,,81,0.0,,,0.0,0.0,1,10,81,36,,0,,,,,,,107,0.0,,,0.0,0.0,1,11,107,36,,0,,,,,,,118,0.0,,,0.0,0.0,1,12,118
37,qcj8gx54,xs1vy,0,49,48,auto_ahorro_default,Results,2026-03-10 00:51:01.674949,1,,,0.0,cay2r3k0,,,,,0,auto_ahorro_default,0.0,1.0,37,,1,23,masculino,pucp,negocios,1,0,105,10.5,40.0,54.5,50.5,0.0,1,1,105,37,,1,,,,,,,115,11.5,45.0,58.5,107.0,0.0,1,2,115,37,,1,,,,,,,103,10.3,40.0,52.7,157.3,0.0,1,3,103,37,,1,,,,,,,115,11.5,45.0,58.5,213.8,0.0,1,4,115,37,,1,,,,,,,112,11.2,45.0,55.8,270.0,0.0,1,5,112,37,,1,,,,,,,116,11.6,50.0,54.4,331.6,0.0,1,6,116,37,,1,,,,,,,107,10.7,60.0,36.3,402.3,0.0,1,7,107,37,,1,,,,,,,99,9.9,0.0,89.1,412.2,-100.0,1,8,99,37,,1,,,,,,,89,8.9,30.0,50.1,451.09999999999997,0.0,1,9,89,37,,1,,,,,,,81,8.1,20.0,52.9,479.2,0.0,1,10,81,37,,1,,,,,,,107,10.7,30.0,66.3,519.9,0.0,1,11,107,37,,1,,,,,,,118,11.8,20.0,86.2,551.6999999999999,0.0,1,12,118
38,x0tr22pz,sp9ul,0,49,48,auto_ahorro_default,Results,2026-03-10 00:51:03.099824,1,,,0.0,cay2r3k0,,,,,0,auto_ahorro_default,0.0,1.0,38,,1,23,femenino,upc,economia,1,1,105,10.5,10.5,30.0,21.0,54.0,1,1,105,38,,1,,,,,,,115,11.5,60.0,40.0,92.5,3.5,1,2,115,38,,1,,,,,,,103,10.3,60.0,30.0,162.8,2.700000000000003,1,3,103,38,,1,,,,,,,115,11.5,30.0,15.0,204.3,58.5,1,4,115,38,,1,,,,,,,112,11.2,12.0,35.0,227.5,53.8,1,5,112,38,,1,,,,,,,116,11.6,20.0,84.4,259.1,0.0,1,6,116,38,,1,,,,,,,107,10.7,50.0,30.0,319.8,16.299999999999997,1,7,107,38,,1,,,,,,,99,9.9,30.0,15.0,359.7,-55.9,1,8,99,38,,1,,,,,,,89,8.9,15.0,40.0,383.59999999999997,25.099999999999994,1,9,89,38,,1,,,,,,,81,8.1,10.0,30.0,401.7,32.9,1,10,81,38,,1,,,,,,,107,10.7,30.0,50.0,442.4,16.299999999999997,1,11,107,38,,1,,,,,,,118,11.8,20.0,50.0,474.2,36.2,1,12,118
39,9v3qppoq,bx6gd,0,49,48,auto_ahorro_default,Results,2026-03-10 00:51:07.407687,1,,,0.0,cay2r3k0,,,,,0,auto_ahorro_default,0.0,1.0,39,,0,24,masculino,udep,economia,0,0,105,0.0,80.0,20.0,80.0,5.0,1,1,105,39,,0,,,,,,,115,0.0,115.0,0.0,195.0,0.0,1,2,115,39,,0,,,,,,,103,0.0,50.0,53.0,245.0,0.0,1,3,103,39,,0,,,,,,,115,0.0,80.0,20.0,325.0,15.0,1,4,115,39,,0,,,,,,,112,0.0,112.0,0.0,437.0,0.0,1,5,112,39,,0,,,,,,,116,0.0,0.0,116.0,437.0,0.0,1,6,116,39,,0,,,,,,,107,0.0,50.0,50.0,487.0,7.0,1,7,107,39,,0,,,,,,,99,0.0,99.0,0.0,586.0,-100.0,1,8,99,39,,0,,,,,,,89,0.0,80.0,9.0,666.0,0.0,1,9,89,39,,0,,,,,,,81,0.0,25.0,25.0,691.0,31.0,1,10,81,39,,0,,,,,,,107,0.0,67.0,40.0,758.0,0.0,1,11,107,39,,0,,,,,,,118,0.0,100.0,18.0,858.0,0.0,1,12,118
40,5e32a71k,xx7zt,0,49,48,auto_ahorro_default,Results,2026-03-10 00:51:08.016430,1,,,0.0,cay2r3k0,,,,,0,auto_ahorro_default,0.0,1.0,40,,1,26,masculino,unsa,otra,1,1,105,10.5,10.0,20.0,20.5,64.5,1,1,105,40,,1,,,,,,,115,11.5,40.0,50.0,72.0,13.5,1,2,115,40,,1,,,,,,,103,10.3,40.0,10.0,122.3,42.7,1,3,103,40,,1,,,,,,,115,11.5,40.0,10.0,173.8,53.5,1,4,115,40,,1,,,,,,,112,11.2,40.0,10.0,225.0,50.8,1,5,112,40,,1,,,,,,,116,11.6,20.0,60.0,256.6,24.400000000000006,1,6,116,40,,1,,,,,,,107,10.7,60.0,20.0,327.3,16.299999999999997,1,7,107,40,,1,,,,,,,99,9.9,60.0,20.0,397.20000000000005,-90.9,1,8,99,40,,1,,,,,,,89,8.9,40.0,40.0,446.1,0.10000000000000142,1,9,89,40,,1,,,,,,,81,8.1,20.0,40.0,474.20000000000005,12.899999999999999,1,10,81,40,,1,,,,,,,107,10.7,20.0,70.0,504.90000000000003,6.299999999999997,1,11,107,40,,1,,,,,,,118,11.8,10.0,70.0,526.7,26.200000000000003,1,12,118
41,18g6nvlp,cf4tn,0,49,48,auto_ahorro_default,Results,2026-03-10 00:51:11.185447,1,,,0.0,cay2r3k0,,,,,0,auto_ahorro_default,0.0,1.0,41,,0,22,masculino,pucp,economia,1,0,105,0.0,10.5,94.5,10.5,0.0,1,1,105,41,,0,,,,,,,115,0.0,11.5,103.5,22.0,0.0,1,2,115,41,,0,,,,,,,103,0.0,10.3,92.7,32.3,0.0,1,3,103,41,,0,,,,,,,115,0.0,11.5,103.5,43.8,0.0,1,4,115,41,,0,,,,,,,112,0.0,20.0,90.0,63.8,2.0,1,5,112,41,,0,,,,,,,116,0.0,50.0,66.0,113.8,0.0,1,6,116,41,,0,,,,,,,107,0.0,20.0,87.0,133.8,0.0,1,7,107,41,,0,,,,,,,99,0.0,10.0,89.0,143.8,-100.0,1,8,99,41,,0,,,,,,,89,0.0,20.0,69.0,163.8,0.0,1,9,89,41,,0,,,,,,,81,0.0,20.0,61.0,183.8,0.0,1,10,81,41,,0,,,,,,,107,0.0,30.0,77.0,213.8,0.0,1,11,107,41,,0,,,,,,,118,0.0,30.0,88.0,243.8,0.0,1,12,118
42,dpztqg3s,tt9vu,0,20,48,auto_ahorro_default,Results,2026-03-10 00:51:22.583861,1,,,0.0,cay2r3k0,,,,,0,auto_ahorro_default,0.0,1.0,42,,1,21,femenino,udep,economia,0,0,105,10.5,20.0,74.5,30.5,0.0,1,1,105,42,,1,,,,,,,115,11.5,50.5,53.0,92.5,0.0,1,2,115,42,,1,,,,,,,103,10.3,10.7,82.0,113.5,0.0,1,3,103,42,,1,,,,,,,115,11.5,10.5,93.0,135.5,0.0,1,4,115,42,,1,,,,,,,112,0.0,14.5,86.3,0.0,0.0,1,5,112,42,,1,,,,,,,116,0.0,,,0.0,0.0,1,6,116,42,,1,,,,,,,107,0.0,,,0.0,0.0,1,7,107,42,,1,,,,,,,99,0.0,,,0.0,0.0,1,8,99,42,,1,,,,,,,89,0.0,,,0.0,0.0,1,9,89,42,,1,,,,,,,81,0.0,,,0.0,0.0,1,10,81,42,,1,,,,,,,107,0.0,,,0.0,0.0,1,11,107,42,,1,,,,,,,118,0.0,,,0.0,0.0,1,12,118
43,xwmezr0f,eh4dl,0,49,48,auto_ahorro_default,Results,2026-03-10 00:51:33.657017,1,,,0.0,cay2r3k0,,,,,0,auto_ahorro_default,0.0,1.0,43,,0,21,masculino,udep,economia,1,1,105,0.0,90.0,0.0,90.0,15.0,1,1,105,43,,0,,,,,,,115,0.0,110.0,5.0,200.0,0.0,1,2,115,43,,0,,,,,,,103,0.0,100.0,3.0,300.0,0.0,1,3,103,43,,0,,,,,,,115,0.0,110.0,5.0,410.0,0.0,1,4,115,43,,0,,,,,,,112,0.0,100.0,12.0,510.0,0.0,1,5,112,43,,0,,,,,,,116,0.0,100.0,16.0,610.0,0.0,1,6,116,43,,0,,,,,,,107,0.0,100.0,7.0,710.0,0.0,1,7,107,43,,0,,,,,,,99,0.0,90.0,9.0,800.0,-100.0,1,8,99,43,,0,,,,,,,89,0.0,80.0,9.0,880.0,0.0,1,9,89,43,,0,,,,,,,81,0.0,80.0,1.0,960.0,0.0,1,10,81,43,,0,,,,,,,107,0.0,100.0,7.0,1060.0,0.0,1,11,107,43,,0,,,,,,,118,0.0,110.0,8.0,1170.0,0.0,1,12,118
44,1o9zdaq1,tf8xo,0,49,48,auto_ahorro_default,Results,2026-03-10 00:52:25.566584,1,,,0.0,cay2r3k0,,,,,0,auto_ahorro_default,0.0,1.0,44,,1,22,masculino,pucp,negocios,0,0,105,10.5,50.0,40.0,60.5,4.5,1,1,105,44,,1,,,,,,,115,11.5,100.0,3.0,172.0,0.5,1,2,115,44,,1,,,,,,,103,10.3,80.0,10.0,262.3,2.700000000000003,1,3,103,44,,1,,,,,,,115,11.5,90.0,10.0,363.8,3.5,1,4,115,44,,1,,,,,,,112,11.2,90.0,10.0,465.0,0.7999999999999972,1,5,112,44,,1,,,,,,,116,11.6,100.0,4.0,576.6,0.4000000000000057,1,6,116,44,,1,,,,,,,107,10.7,90.0,6.0,677.3000000000001,0.29999999999999716,1,7,107,44,,1,,,,,,,99,9.9,70.0,15.0,757.2,-95.9,1,8,99,44,,1,,,,,,,89,8.9,50.0,30.0,816.1,0.10000000000000142,1,9,89,44,,1,,,,,,,81,8.1,72.0,0.0,896.2,0.9000000000000057,1,10,81,44,,1,,,,,,,107,10.7,96.0,0.0,1002.9000000000001,0.29999999999999716,1,11,107,44,,1,,,,,,,118,11.8,106.0,0.0,1120.7,0.20000000000000284,1,12,118
45,weu2ipea,jc2fa,0,49,48,auto_ahorro_default,Results,2026-03-10 00:52:32.057553,1,,,0.0,cay2r3k0,,,,,0,auto_ahorro_default,0.0,1.0,45,,1,21,femenino,pucp,negocios,1,0,105,10.5,20.0,70.0,30.5,4.5,1,1,105,45,,1,,,,,,,115,11.5,40.0,60.0,82.0,3.5,1,2,115,45,,1,,,,,,,103,10.3,25.0,65.0,117.3,2.700000000000003,1,3,103,45,,1,,,,,,,115,11.5,20.0,50.0,148.8,33.5,1,4,115,45,,1,,,,,,,112,11.2,15.0,75.0,175.0,10.799999999999997,1,5,112,45,,1,,,,,,,116,11.6,25.0,15.0,211.6,64.4,1,6,116,45,,1,,,,,,,107,10.7,45.0,50.0,267.3,1.2999999999999972,1,7,107,45,,1,,,,,,,99,9.9,30.0,50.0,307.2,-90.9,1,8,99,45,,1,,,,,,,89,8.9,25.0,35.0,341.09999999999997,20.1,1,9,89,45,,1,,,,,,,81,8.1,20.0,50.3,369.2,2.6000000000000014,1,10,81,45,,1,,,,,,,107,10.7,35.0,60.0,414.9,1.2999999999999972,1,11,107,45,,1,,,,,,,118,11.8,25.0,40.0,451.7,41.2,1,12,118
46,9pdzl6p4,ju6gm,0,49,48,auto_ahorro_default,Results,2026-03-10 00:52:45.834928,1,,,0.0,cay2r3k0,,,,,0,auto_ahorro_default,0.0,1.0,46,,0,23,masculino,unsa,economia,1,0,105,0.0,50.0,50.0,50.0,5.0,1,1,105,46,,0,,,,,,,115,0.0,50.0,50.0,100.0,15.0,1,2,115,46,,0,,,,,,,103,0.0,60.0,43.0,160.0,0.0,1,3,103,46,,0,,,,,,,115,0.0,60.0,55.0,220.0,0.0,1,4,115,46,,0,,,,,,,112,0.0,32.0,80.0,252.0,0.0,1,5,112,46,,0,,,,,,,116,0.0,0.0,80.0,252.0,36.0,1,6,116,46,,0,,,,,,,107,0.0,60.0,47.0,312.0,0.0,1,7,107,46,,0,,,,,,,99,0.0,60.0,39.0,372.0,-100.0,1,8,99,46,,0,,,,,,,89,0.0,40.0,49.0,412.0,0.0,1,9,89,46,,0,,,,,,,81,0.0,30.0,51.0,442.0,0.0,1,10,81,46,,0,,,,,,,107,0.0,60.0,47.0,502.0,0.0,1,11,107,46,,0,,,,,,,118,0.0,60.0,58.0,562.0,0.0,1,12,118
47,a69fuq06,,0,0,48,,,,0,,,0.0,cay2r3k0,,,,,0,auto_ahorro_default,0.0,1.0,47,,0,,,,,,,105,0.0,,,0.0,0.0,1,1,105,47,,0,,,,,,,115,0.0,,,0.0,0.0,1,2,115,47,,0,,,,,,,103,0.0,,,0.0,0.0,1,3,103,47,,0,,,,,,,115,0.0,,,0.0,0.0,1,4,115,47,,0,,,,,,,112,0.0,,,0.0,0.0,1,5,112,47,,0,,,,,,,116,0.0,,,0.0,0.0,1,6,116,47,,0,,,,,,,107,0.0,,,0.0,0.0,1,7,107,47,,0,,,,,,,99,0.0,,,0.0,0.0,1,8,99,47,,0,,,,,,,89,0.0,,,0.0,0.0,1,9,89,47,,0,,,,,,,81,0.0,,,0.0,0.0,1,10,81,47,,0,,,,,,,107,0.0,,,0.0,0.0,1,11,107,47,,0,,,,,,,118,0.0,,,0.0,0.0,1,12,118
